ID,Type,SKU,Name,Published,"Is featured?","Visibility in catalogue","Short description",Description,"Date sale price starts","Date sale price ends","Tax status","Tax class","In stock?",Stock,"Low stock amount","Backorders allowed?","Sold individually?","Weight (kg)","Length (mm)","Width (mm)","Height (mm)","Allow customer reviews?","Purchase note","Sale price","Regular price",Categories,Tags,"Shipping class",Images,"Download limit","Download expiry days",Parent,"Grouped products",Upsells,Cross-sells,"External URL","Button text",Position,"Meta: _primary_term_product_cat","Meta: icrtouchplu","Meta: woosb_ids","Meta: woosb_disable_auto_price","Meta: woosb_discount","Meta: woosb_shipping_fee","Meta: woosb_optional_products","Meta: woosb_manage_stock","Meta: woosb_limit_each_min","Meta: woosb_limit_each_max","Meta: woosb_limit_whole_min","Meta: woosb_limit_whole_max","Meta: _wpas_done_all","Meta: sharing_disabled","Meta: _wc_local_pickup_plus_local_pickup_product_availability","Meta: woosb_discount_amount","Meta: woosb_limit_each_min_default","Meta: wpfoof-exclude-product","Meta: wpfoof-google","Meta: wpfoof-adsensecustom","Meta: cmplz_hide_cookiebanner","Meta: _last_editor_used_jetpack","Meta: _genesis_description","Meta: _sbi_oembed_done_checking","Meta: _wc_facebook_sync_enabled","Meta: fb_visibility","Meta: fb_product_description","Meta: _wc_facebook_product_image_source","Meta: _wc_facebook_commerce_enabled","Attribute 1 name","Attribute 1 value(s)","Attribute 1 visible","Attribute 1 global","Meta: woosb_total_limits","Meta: woosb_total_limits_min","Meta: woosb_total_limits_max","Meta: woosb_layout","Meta: images","Meta: _images","Meta: _genesis_noindex","Meta: _genesis_nofollow","Meta: _genesis_noarchive","Meta: exclude_local_search","Meta: exclude_from_archive","Meta: woosb_exclude_unpurchasable","Meta: _genesis_title","Meta: _wp_old_date","Meta: _tsf_title_no_blogname","Meta: woosb_show_classic_box_only","Meta: hide_gform_wrapper","Meta: woosb_limit_whole_ignore"
2589,woosb,,"Large Sourdough Donuts (Box of 12)",1,0,visible,,"<h4>Selection of handcrafted Gourmet Sourdough Donuts.</h4>\n<div><strong>The Classic Box of 12 contains one each of the following:</strong></div>\n<ul>\n 	<li>Ferrero Rocher</li>\n 	<li>Lotus Biscoff</li>\n 	<li>Red Velvet</li>\n 	<li>Kinder Deluxe</li>\n 	<li>Blueberry</li>\n 	<li>Cookies &amp; Cream</li>\n 	<li>S'mores</li>\n 	<li>Coffee Lover</li> 	\n 	<li>The Dub</li>\n 	<li>White Kinder</li>\n 	<li>Traditional Raspberry Jam</li>\n        <li>Strawberry Cheesecake</li>\n</ul>\nPlease note, there are 12 donuts in each box. Quantity 1 = 1 Box of 12.",,,taxable,,1,,,0,0,,,,,0,,,30,"Corporate Orders > Non-Branded Donuts, Personal Orders","Box of 12 donuts, Donuts Dublin, donuts for delivery, dozen of donuts, get donuts online, Sourdough donuts",,"https://www.therollingdonut.ie/wp-content/uploads/2019/05/WhatsApp-Image-2022-10-07-at-2.03.11-PM-1-e1665148641568.jpeg, https://www.therollingdonut.ie/wp-content/uploads/2019/05/WhatsApp-Image-2022-10-07-at-2.03.08-PM-1.jpeg, https://www.therollingdonut.ie/wp-content/uploads/2019/05/WhatsApp-Image-2022-10-07-at-2.03.11-PM.jpeg",,,,,,,,,0,18,,"31408/1,29983/1,2525/1,2513/1,9685/1,2497/1,2553/1,2533/1,13933/1,2509/1,2501/1,13938/0,21942/0,29983/0,2841/0,2904/0,2869/0,2900/0,2517/0,2625/0,9689/0,2578/0,2586/0,5027/0,2574/0,2570/0,2566/0,2561/0,2557/0,29988/0,4651/0,33699/1",on,0,whole,on,off,,,12,12,1,1,inherit,,off,0,0,0,,classic-editor,"The Classic Box of 12 Sourdough Donuts contains our best selling donuts. Made fresh every day!",1,yes,yes,,product,no,,,,,,,,,,,,,,,,,,,,,,
2608,woosb,,"Midi Sourdough Donuts (Box of 20)",1,0,visible,,"<strong>The Classic Box of 20 contains two each of the following:</strong>\n<ul>\n 	<li>Lotus Biscoff</li>\n 	<li>Ferrero Rocher</li>\n 	<li>Coffee Lover</li>\n 	<li>Cookies &amp; Cream</li>\n 	<li>Kinder Bueno</li>\n 	<li>Red Velvet</li>\n 	<li>Blueberry Cheesecake</li>\n 	<li>The Dub</li>\n 	<li>Strawberry Cheescake</li>\n 	<li>Victorian Raspberry</li>\n</ul>\nPlease note, there are 20 donuts in each box. Quantity 1 = 1 Box of 20.",,,taxable,,1,,,0,0,,,,,0,,,44,"Corporate Orders > Non-Branded Donuts, Personal Orders","corporate lunch, Donuts Dublin, finger food dublin, kinder donut, midi donuts, office donuts, the rolling donut",,"https://www.therollingdonut.ie/wp-content/uploads/2019/05/IMG_2250.jpg, https://www.therollingdonut.ie/wp-content/uploads/2019/05/IMG_2228.jpg, https://www.therollingdonut.ie/wp-content/uploads/2022/06/newletter-image-3.jpg, https://www.therollingdonut.ie/wp-content/uploads/2019/05/IMG_7302-scaled-e1655723486720.jpg",,,,,,,,,0,18,,,on,0,whole,on,off,,,20,20,1,1,inherit,,off,0,0,0,,classic-editor,,1,yes,yes,,product,no,Size,Midi,1,1,off,,,unset,,,,,,,,,,,,,,
2614,woosb,,"Personalised Midi Sourdough Donuts (Box of 20)",1,0,visible,,"<h4>Our delicious donuts are made from the very best ingredients using a recipe that has has been with us for nearly four decades. Our donuts are the perfect treat for any event and also make great office treats. Customise each donut with your company logo or anything else that you might like to put on them.</h4>\n<strong>The Classic Box of 20 contains two each of the following:</strong>\n<ul>\n 	<li>Ferrero Rocher</li>\n 	<li>Lotus Biscoff</li>\n 	<li>Red Velvet</li>\n 	<li>Kinder Deluxe</li>\n 	<li>Coffee Lover</li>\n 	<li>Cookies &amp; Cream</li>\n 	<li>The Dub</li>\n 	<li>Victoria Raspberry</li>\n</ul>\nPlease note, there are 20 donuts in each box. Quantity 1 = 1 Box of 20.",,,taxable,,1,,,0,0,,,,,0,,,50,"Corporate Orders > Branded Donuts","Branded donuts, custom donuts, donuts for events, donuts for wedding, donuts with picture, personalised donuts",,"https://www.therollingdonut.ie/wp-content/uploads/2019/05/IMG_0377.jpg, https://www.therollingdonut.ie/wp-content/uploads/2019/05/IMG_0438.jpg, https://www.therollingdonut.ie/wp-content/uploads/2019/05/IMG_0306.jpg, https://www.therollingdonut.ie/wp-content/uploads/2019/05/WhatsApp-Image-2022-06-02-at-11.55.56-AM-e1654874265913.jpeg, https://www.therollingdonut.ie/wp-content/uploads/2019/05/image-asset.jpeg, https://www.therollingdonut.ie/wp-content/uploads/2020/06/WhatsApp-Image-2022-05-12-at-2.01.26-PM-1.jpeg, https://www.therollingdonut.ie/wp-content/uploads/2019/05/IMG_0410.jpg, https://www.therollingdonut.ie/wp-content/uploads/2020/06/WhatsApp-Image-2022-05-12-at-2.01.26-PM-2.jpeg, https://www.therollingdonut.ie/wp-content/uploads/2018/11/JAMESON2.png, https://www.therollingdonut.ie/wp-content/uploads/2018/11/shed.jpg",,,,,,,,,0,21,,"2514/2,2526/2,9686/2,13939/2,13934/0,2498/2,2534/2,2510/2,2502/2,2554/2,21943/2,29984/0,2626/0,9690/0,5028/0,2583/0,2575/0,2571/0,2587/0,2567/0,2558/0,2562/0,29989/0,33544/0",on,0,whole,on,off,,,20,20,1,1,inherit,,off,0,0,0,,classic-editor,,1,yes,yes,,product,no,,,,,,,,,,,,,,,,,,,,,,
2622,woosb,,"Customised Order",1,0,hidden,,,,,taxable,,1,,,0,0,,,,,0,,,0.01,Uncategorized,,,https://www.therollingdonut.ie/wp-content/uploads/2019/06/display_products-01.png,,,,,,,,,0,15,,,on,0,whole,on,off,,,,,,1,inherit,,off,0,0,0,,classic-editor,,,yes,yes,,product,no,,,,,off,1,99,unset,,field_5cd941d9efca3,1,1,1,1,1,unset,,,,,,
2874,woosb,,"Large Vegan Donuts (Box of 12)",1,0,visible,,"<h4>Our vegan sourdough donuts are made from scratch every day using quality ingredients from our secret recipe.</h4>\n<strong>The Classic Box of 12 contains each of the following: </strong>\n<ul>\n 	<li>Vegan Biscoff</li>\n 	<li>Lemon &amp; Poppy</li>\n 	<li>Vanilla Ring</li>\n 	<li>Raspberry Jam</li>\n 	<li>Dub</li>\n 	<li>Ferrero Rocher</li>\n 	<li>Cookies &amp; Cream</li>\n 	<li>Coffee &amp; Walnut</li>\n 	<li>Vanilla Pistachio</li>\n</ul>\nPlease note, there are 12 donuts in each box. Quantity 1 = 1 Box of 12.",,,taxable,,1,,,0,0,,,,,0,,,30,"Corporate Orders > Non-Branded Donuts, Personal Orders","Gifts for vegans, Lotus Biscoff donut, Vegan cakes, Vegan donuts, Vegan nutella, Vegan treats, Vegan treats dublin",,"https://www.therollingdonut.ie/wp-content/uploads/2019/06/Vegan-box-of-12-Web-e1659974614846.jpeg, https://www.therollingdonut.ie/wp-content/uploads/2019/06/Vegan-box-zoomed-in-Web.jpeg",,,,,,,,,0,18,,"9689/2,2570/2,2574/2,5027/1,2582/0,2566/1,2586/1,2557/1,2578/1,2561/1,29988/0",on,0,whole,on,off,,,12,12,1,1,inherit,,off,0,0,0,,classic-editor,"The Classic Vegan Box includes a selection of our handcrafted sourdough Vegan Donuts. A perfect gift for any occasion!",1,,,,,,,,,,,,,,,,,,,,,,,,,,,
2876,woosb,,"Unicorn Donuts (Box of 12)",1,0,hidden,,"<h4>Selection of handcrafted Gourmet Sourdough Ring Donuts.</h4>\n<div><strong>The Ring Donut Box of 12 contains the following:</strong></div>\n<ul>\n 	<li>4 White Unicorns</li>\n 	<li>4 Pink Unicorns</li>\n 	<li>4 Purple Unicorns</li>\n</ul>\nPlease note, there are 12 donuts in each box. Quantity 1 = 1 Box of 12.",,,taxable,,1,,,0,0,,,,,0,,,30,"Corporate Orders > Non-Branded Donuts, Personal Orders",,,https://www.therollingdonut.ie/wp-content/uploads/2019/06/IMG_2567.jpg,,,,,,,,,0,18,,2841/12,on,0,whole,on,off,,,12,12,1,1,inherit,,off,0,0,0,,classic-editor,,1,,,,,,,,,,,,,,,,,,,,,,,,,,,
2898,woosb,,"Ring Donuts (Box of 12)",1,0,visible,,"<h4>Selection of handcrafted Gourmet Sourdough Ring Donuts.</h4>\n<div><strong>The Ring Donut Box of 12 contains the following:</strong></div>\n<ul>\n 	<li>Sugar Ring x2</li>\n 	<li>Cinnamon Sugar x2</li>\n 	<li>Vanilla with Sprinkles x2</li>\n 	<li>Vanilla Glaze x3</li>\n 	<li>Chocolate Glaze x3</li>\n</ul>\nPlease note, there are 12 donuts in each box. Quantity 1 = 1 Box of 12.",,,taxable,,1,,,0,0,,,,,0,,,28.00,"Corporate Orders > Non-Branded Donuts, Personal Orders","a box of ring donuts, chocolate donuts, classic donuts dublin, glazed donuts, ring donuts, Sourdough donuts",,https://www.therollingdonut.ie/wp-content/uploads/2019/03/IMG_2279.jpg,,,,,,,,,0,18,,"2625/3,2869/2,2517/3,2900/2,2904/2",on,0,whole,on,off,,,12,12,1,1,inherit,,off,0,0,0,,classic-editor,"Pick up our classic box of ring donuts! Simple but delicious this box has a selection of brand favourite ring donuts. Get yours NOW!",1,,,,,,,,,,,,,,,,,,,,,,,,,,,
2915,woosb,,"Special Occasion Midi Sourdough Donuts (Box of 20)",1,0,visible,,"Box of 20 Midi Gourmet Sourdough Donuts with a special occasion logo of your choice\n\n<strong>The Classic Box of 20 contains two of each of the following flavours:</strong>\n<ul>\n 	<li>Ferrero Rocher</li>\n 	<li>Lotus Biscoff</li>\n 	<li>Red Velvet</li>\n 	<li>Kinder Deluxe</li>\n 	<li>The Milkybar Kid</li>\n 	<li>Coffee Lover</li>\n 	<li>Cookies &amp; Cream</li>\n 	<li>The Dub</li>\n 	<li>Victoria Raspberry</li>\n 	<li>Apple Crumble</li>\n</ul>\nPlease note, there are 20 donuts in each box. Quantity 1 = 1 Box of 20.",,,taxable,,1,,,0,0,,,,,0,,,50,"Special Occasions","a gift for teacher, baby shower, birthday cake, birthday donuts, Bride to be gift, donuts near me, foodie dublin, Picnic ideas, rollling donut, small donuts, Sourdough donuts, special occasion gift, Support local",,"https://www.therollingdonut.ie/wp-content/uploads/2019/06/WhatsApp-Image-2022-05-25-at-4.56.14-PM-e1653571362846.jpeg, https://www.therollingdonut.ie/wp-content/uploads/2019/06/WhatsApp-Image-2022-05-25-at-4.56.18-PM.jpeg, https://www.therollingdonut.ie/wp-content/uploads/2020/11/7.png, https://www.therollingdonut.ie/wp-content/uploads/2020/11/1.png, https://www.therollingdonut.ie/wp-content/uploads/2020/11/2.png, https://www.therollingdonut.ie/wp-content/uploads/2020/11/8-1.png, https://www.therollingdonut.ie/wp-content/uploads/2020/11/10.png, https://www.therollingdonut.ie/wp-content/uploads/2020/11/9.png, https://www.therollingdonut.ie/wp-content/uploads/2020/11/6.png, https://www.therollingdonut.ie/wp-content/uploads/2020/11/5-1.png, https://www.therollingdonut.ie/wp-content/uploads/2020/11/4.png, https://www.therollingdonut.ie/wp-content/uploads/2020/11/3.png",,,,,,,,,0,33,,"2526/2,9686/2,2514/2,13939/2,2554/2,2498/2,2510/2,2534/2,2502/2,21943/2,13934/0,29984/0,2626/0,2518/0,2905/0,9690/0,2587/0,5028/0,2575/0,2571/0,2562/0,2567/0,2558/0,2583/0,29989/0",on,0,whole,on,off,,,20,20,1,,inherit,,off,0,0,0,,classic-editor,"Box of 20 Midi Gourmet Sourdough Donuts. Perfect for parties, office meetings and other special occasions",1,,,,,,,,,,,,,,,,,,,,,,"Midi Gourmet Sourdough Donuts | Box of 20",,,,,
2916,woosb,,"Special Occasion Large Sourdough Donuts (Box of 12)",1,0,visible,,"<h4>Selection of handcrafted Gourmet Sourdough Donuts with a logo of your choice.</h4>\n<div><strong>The Classic Box of 12 contains one each of the following:</strong></div>\n<ul>\n 	<li>Ferrero Rocher</li>\n 	<li>Lotus Biscoff</li>\n 	<li>Red Velvet</li>\n 	<li>Kinder Deluxe</li>\n 	<li>Coffee Lover</li>\n 	<li>Cookies &amp; Cream</li>\n 	<li>The Dub</li>\n 	<li>S'mores</li>\n 	<li>Old Fashioned Raspberry Jam</li>\n 	<li>Apple Crumble</li>\n 	<li>White Kinder</li>\n 	<li>Blueberry Cheesecake</li>\n</ul>\nPlease note, there are 12 donuts in each box. Quantity 1 = 1 Box of 12.",,,taxable,,1,,,0,0,,,,,0,,,33.60,"Special Occasions","best donuts dublin, birthday cake, Birthday food gift, Gift for her, Irish food recommendations, Local Donuts, Sourdough donuts, special occasion gift, Thank you gift",,"https://www.therollingdonut.ie/wp-content/uploads/2019/06/WhatsApp-Image-2022-05-25-at-5.06.50-PM-e1659976004126.jpeg, https://www.therollingdonut.ie/wp-content/uploads/2019/06/WhatsApp-Image-2022-06-10-at-4.12.01-PM.jpeg, https://www.therollingdonut.ie/wp-content/uploads/2020/11/7.png, https://www.therollingdonut.ie/wp-content/uploads/2020/11/1.png, https://www.therollingdonut.ie/wp-content/uploads/2020/11/2.png, https://www.therollingdonut.ie/wp-content/uploads/2020/11/10.png, https://www.therollingdonut.ie/wp-content/uploads/2020/11/9.png, https://www.therollingdonut.ie/wp-content/uploads/2020/11/8-1.png, https://www.therollingdonut.ie/wp-content/uploads/2020/11/6.png, https://www.therollingdonut.ie/wp-content/uploads/2020/11/5-1.png, https://www.therollingdonut.ie/wp-content/uploads/2020/11/4.png, https://www.therollingdonut.ie/wp-content/uploads/2020/11/3.png",,,,,,,,,0,33,,"31408/1,2513/1,2525/1,9685/1,2553/1,2509/1,2497/1,2533/1,2501/1,29983/1,13933/1,21942/1,13938/0,2841/0,11854/0,2869/0,2625/0,2904/0,2517/0,9689/0,2557/0,2586/0,5027/0,2570/0,2574/0,2566/0,2578/0,2561/0,29988/0",on,0,whole,on,off,,,12,12,1,,inherit,,off,0,0,0,,classic-editor,"Selection of handcrafted Gourmet Sourdough Donuts with a logo of your choice. Perfect gift for any occasion!",1,yes,yes,,product,no,,,,,,,,,,,,,,,,,"Special Occasion Donuts (Box of 12)",,,,,
4883,woosb,,"Kids Party Box",'-1,0,hidden,,"Mix of our kids favourites - perfect for any party! :)\n\n4x Vanilla Pandas\n\n4x Mini Nutella &amp; Marshmallow\n\n3x Vanilla Sprinkle\n\n3x Unicorns\n\n&nbsp;",,,taxable,,1,,,1,0,,,,,0,,,32,"Corporate Orders, Personal Orders","donuts for kids dublin, kids birthday cake, Kids donuts, kids party gift, unicorn donuts",,https://www.therollingdonut.ie/wp-content/uploads/2019/12/90505662-e9c9-4c5a-b7b9-39bf57e767d2-e1594635368297.jpg,,,,,,,,,0,18,,"3711/4,2841/3,2848/4,2904/3",on,0,whole,off,off,,,,,1,,inherit,,off,0,0,0,,classic-editor,"Mix of kids favourites &#x2d; great for any party! Unicorn magic, vanilla panda, sprinkles and more...",1,,,,,,,,,,,,,,,,,,,,,,,2019-12-13,,,,
7035,woosb,,"DIY Unicorn Magic Box",0,0,hidden,,"<h4>Our DIY Unicorn Magic Box is the perfect treat for any occasion...</h4>\n<div><strong>Each Box Includes:</strong></div>\n<ul>\n 	<li>5 x Standard Ring Donuts</li>\n 	<li>Instructions</li>\n 	<li>Coloured Icing x3</li>\n 	<li>Chocolate piping x1</li>\n 	<li>Unicorn Horn Decorations</li>\n 	<li>Marshmallows</li>\n 	<li>Sprinkles</li>\n</ul>\nShare your creations with us! @therollingdonut_  #therolloingdonut",,,taxable,,0,,,0,0,,,,,0,,,22,"Corporate Orders, Corporate Orders > Non-Branded Donuts, Personal Orders","DIY Box",,"https://www.therollingdonut.ie/wp-content/uploads/2020/05/IMG_7229.jpg, https://www.therollingdonut.ie/wp-content/uploads/2020/05/IMG_7139.jpg, https://www.therollingdonut.ie/wp-content/uploads/2020/05/IMG_7146.jpg, https://www.therollingdonut.ie/wp-content/uploads/2020/05/IMG_7152.jpg",,,,,,,,,0,18,,,on,0,whole,off,off,,,4,4,1,1,inherit,,off,0,0,0,,classic-editor,,,,,,,,,,,,,,,,,,,,,,,,,,,,,
7043,woosb,,"DIY Awesome Creations Box",1,0,visible,,"<h4>Our DIY Awesome Creations Box is the perfect treat for any occasion...</h4>\n<div><strong>Each Box Includes:</strong></div>\n<ul>\n 	<li>x 5 Ring Donuts standard size</li>\n 	<li>Instructions</li>\n 	<li>Nutella Packet</li>\n 	<li>Jam Packet</li>\n 	<li>Selection of toppings</li>\n</ul>\nShare your creations with us! @therollingdonut_  #therollingdonut\n\nAllergens: Dairy, Eggs, Soya, Gluten, Nuts (Hazelnuts)",,,taxable,,1,,,0,0,,,,,0,,,24,"Corporate Orders, Corporate Orders > Non-Branded Donuts, Personal Orders","activity for kids, DIY Box, diy donuts, make your own donuts, ring donuts",,"https://www.therollingdonut.ie/wp-content/uploads/2020/05/IMG_7199-square.jpg, https://www.therollingdonut.ie/wp-content/uploads/2020/05/IMG_7156.jpg, https://www.therollingdonut.ie/wp-content/uploads/2020/05/IMG_7155.jpg, https://www.therollingdonut.ie/wp-content/uploads/2020/05/IMG_7163.jpg",,,,,,,,,0,18,,,on,0,whole,off,off,,,4,4,1,1,inherit,,off,0,0,0,,classic-editor,"Create your own donuts! Perfect activity for kids and adults of all ages. Chocolate, Jam, Vanilla, Brand favourites... This box has it all!",1,,,,,,,,,,,,,,,,,,,,,,,,,,,
8884,woosb,,"PRIDE Donuts (Box of 12)",0,0,hidden,,"<h4>Happy Pride Month!</h4>\n<h4>Celebrate with a selection of handcrafted Gourmet Sourdough Pride Donuts.</h4>\n<div><strong>The Classic Box of 12 contains the following:</strong></div>\n<ul>\n 	<li>x1 Blueberry Cheesecake</li>\n 	<li>x1 Red Velvet</li>\n 	<li>x1 Lotus Biscoff</li>\n 	<li>x3 Vanilla Sprinkles</li>\n 	<li>x3 White Chocolate Rainbow Glaze</li>\n 	<li>x3 Chocolate Rainbow Glaze</li>\n</ul>\nPlease note, there are 12 donuts in each box. Quantity 1 = 1 Box of 12.",,,taxable,,1,,,1,0,,,,,0,,,33,"Corporate Orders > Non-Branded Donuts, Personal Orders, Special Occasions","donuts for pride, Dublin Donuts, pride desserts, Pride donuts, pride food dublin, pride month dublin",,"https://www.therollingdonut.ie/wp-content/uploads/2020/06/IMG_7481-scaled-e1654701624736.jpg, https://www.therollingdonut.ie/wp-content/uploads/2020/06/IMG_7493-scaled.jpg",,,,,,,,,0,18,,"2533/1,29983/1,9685/1,2904/3,2517/3,26812/3",on,0,whole,off,off,,,12,12,1,1,inherit,,off,0,0,0,,classic-editor,"Happy Pride Month! Celebrate with a selection of handcrafted Gourmet Sourdough Pride Donuts.",,,,,,,,,,,,,,,,,,,,,,,,,,,,
9203,woosb,,"Personalised Large Sourdough Donuts (Box of 12)",1,0,visible,,"<h4>Our delicious donuts are made from the very best ingredients using a recipe that has been with us for nearly four decades. The Rolling Donuts are the perfect treat for any event and also make great office treats. Customise each donut with your company logo/branding or an image of your choice.</h4>\nFor any special requests email: info@therollingdonut.ie before placing your order!\n<div><strong>The Classic Box of 12 contains each of the following:</strong></div>\n<ul>\n 	<li>Ferrero Rocher</li>\n 	<li>Lotus Biscoff</li>\n 	<li>Red Velvet</li>\n 	<li>Kinder Deluxe</li>\n 	<li>Coffee Lover</li>\n 	<li>Cookies &amp; Cream</li>\n 	<li>The Dub</li>\n 	<li>Victoria Raspberry</li>\n 	<li>Strawberry Cheesecake</li>\n 	<li>S'mores</li>\n 	<li>White Kinder</li>\n 	<li>Blueberry Cheesecake</li>\n</ul>\nPlease note, there are 12 donuts in each box. Quantity 1 = 1 Box of 12.",,,taxable,,1,,,0,0,,,,,0,,,33.60,"Corporate Orders > Branded Donuts, Personal Orders, Special Occasions","corporate donuts, corporate order, custom donuts dublin, customised donuts, donuts for events, doughnuts dublin, personalised donuts, Sourdough donuts",,"https://www.therollingdonut.ie/wp-content/uploads/2020/06/IMG_0317-2.jpg, https://www.therollingdonut.ie/wp-content/uploads/2020/06/WhatsApp-Image-2022-05-12-at-2.01.26-PM.jpeg, https://www.therollingdonut.ie/wp-content/uploads/2020/06/WhatsApp-Image-2022-05-12-at-2.01.26-PM-2.jpeg, https://www.therollingdonut.ie/wp-content/uploads/2020/06/WhatsApp-Image-2022-07-12-at-5.04.19-PM.jpeg, https://www.therollingdonut.ie/wp-content/uploads/2018/11/boysandgirls.jpg, https://www.therollingdonut.ie/wp-content/uploads/2018/11/JAMESON2.png, https://www.therollingdonut.ie/wp-content/uploads/2018/11/shed.jpg",,,,,,,,,0,18,,"2525/1,2513/1,13933/1,9685/1,2553/1,2533/1,2497/1,2509/1,2501/1,31408/1,29983/1,13938/0,21942/0,11854/0,2841/0,2904/0,2625/0,2517/0,11854/0,2869/0,9689/0,2574/0,2566/0,2578/0,5027/0,2561/0,2570/0,2586/0,2570/0,2557/0,29988/0,33699/1",on,0,whole,on,off,,,12,12,1,1,inherit,,off,0,0,0,,classic-editor,"Our classic sourdough donuts branded with your companies logo or an image of your choice. Next day delivery on all orders!",1,yes,yes,,product,no,,,,,,,,,,,,,,,,,"Personalised Sourdough Donuts (Box of 12)",,,,,
10342,woosb,,"Vegan Midi Sourdough Donuts (Box of 20)",1,0,visible,,"<strong>The Classic Box of 20 contains a mix of our most loved vegan donuts! </strong>\n\nMade from scratch every day using quality ingredients from our secret recipe. Our midis are perfect for parties, birthdays, food events and other celebrations.\n\nPlease note, there are 20 donuts in each box. Quantity 1 = 1 Box of 20.",,,taxable,,1,,,0,0,,,,,0,,,44,"Corporate Orders > Non-Branded Donuts, Personal Orders","best vegan food, mini donuts dublin, vegan cake, vegan donuts dublin, vegan dublin, Vegan nutella, vegan pastries near me, vegan rolling donut, Vegan treats dublin",,https://www.therollingdonut.ie/wp-content/uploads/2020/08/IMG_8352-scaled-e1597406794263.jpg,,,,,,,,,0,18,,"9690/4,2587/2,5028/2,2575/4,2571/2,2567/2,2558/2,2562/2",on,0,whole,on,off,,,20,20,1,1,inherit,,off,0,0,0,,classic-editor,"20 Vegan midi sourdough donuts. Choose your favourites NOW! Available for collection and delivery all over Co. Dublin. Vegan friendly!",1,,,,,,Size,Midi,1,1,,,,,,,,,,,,,,,,,,
12004,woosb,,"DIY Spooky Creatures",0,0,hidden,,"<h4>Our DIY Spooky Creatures Box is the perfect treat for any occasion...</h4>\n<div><strong>Each Box Includes:</strong></div>\n<ul>\n 	<li>6 x Midi Donuts</li>\n 	<li>Instructions</li>\n 	<li>Coloured Icing x2 (Green &amp; Orange)</li>\n 	<li>Nutella Pack x1</li>\n 	<li>Selection of toppings</li>\n</ul>\nShare your creations with us! @therollingdonut_  #therolloingdonut",,,taxable,,0,,,0,0,,,,,0,,,22,"Corporate Orders, Corporate Orders > Non-Branded Donuts, Personal Orders","DIY Box",,"https://www.therollingdonut.ie/wp-content/uploads/2020/10/ShsEaGLg.jpg, https://www.therollingdonut.ie/wp-content/uploads/2020/10/IMG_9264-scaled.jpg, https://www.therollingdonut.ie/wp-content/uploads/2020/10/DIY-scaled.jpg",,,,,,,,,0,18,,,on,0,whole,off,off,,,4,4,1,1,inherit,,off,0,0,0,,classic-editor,,,,,,,,,,,,,,,,,,,,,,,,,,,,,
12007,woosb,,"Halloween Trick or Treat (Box of 20 midi)",0,0,hidden,,"<strong>The Classic Box of 20 contains a mix of all our bestselling sourdough donuts!</strong>\n\n&nbsp;\n\nPlease note, there are 20 donuts in each box. Quantity 1 = 1 Box of 20.\n\nThe box is set so we are unable to change flavours",,,taxable,,1,,,1,0,,,,,0,,,50,"Corporate Orders > Non-Branded Donuts, Personal Orders","corporate halloween, Dublin Donuts, halloween dessert, Halloween donuts, halloween party food, halloween themed donuts",,"https://www.therollingdonut.ie/wp-content/uploads/2020/10/IMG_3072-e1696508528614.jpg, https://www.therollingdonut.ie/wp-content/uploads/2020/10/IMG_3088.jpg, https://www.therollingdonut.ie/wp-content/uploads/2020/10/WhatsApp-Image-2022-10-06-at-1.26.26-PM.jpeg, https://www.therollingdonut.ie/wp-content/uploads/2020/10/IMG_3092.jpg",,,,,,,,,0,18,,,on,0,whole,off,off,,,20,20,1,1,inherit,,off,0,0,0,,classic-editor,,,yes,yes,,product,no,Size,Midi,1,1,off,,,unset,,,,,,,,,,,,,,
12008,woosb,,"Halloween Trick or Treat (Box of 12)",0,0,hidden,,"<h4>Selection of Halloween themed handcrafted Gourmet Sourdough Donuts. Perfect treat this spooky season!</h4>\n<div><strong>The Classic Box of 12 contains the following flavours:</strong></div>\n<ul>\n 	<li>Chocolate Orange</li>\n 	<li>Lotus Biscoff</li>\n 	<li>Red Velvet</li>\n 	<li>Kinder Deluxe</li>\n 	<li>Apple Crumble</li>\n 	<li>S'mores</li>\n 	<li>Strawberry Cheesecake</li>\n 	<li>Blueberry Cheesecake</li>\n 	<li>x4 Halloween characters with Jam and Nutella fillings</li>\n</ul>\nPlease note, there are 12 donuts in each box. Quantity 1 = 1 Box of 12.\n\nThis is a set box and we are not able to make any changes.",,,taxable,,1,,,1,0,,,,,0,,,33.6,"Corporate Orders > Non-Branded Donuts, Personal Orders","corporate donuts, Donuts Dublin, Halloween donuts, halloween themed treats, Sourdough donuts, spooky donut",,"https://www.therollingdonut.ie/wp-content/uploads/2022/10/IMG_2909-e1696431747995.jpg, https://www.therollingdonut.ie/wp-content/uploads/2022/10/IMG_2935.jpg, https://www.therollingdonut.ie/wp-content/uploads/2020/10/IMG_4691-scaled-e1633600231735.jpg, https://www.therollingdonut.ie/wp-content/uploads/2022/10/IMG_2913.jpg, https://www.therollingdonut.ie/wp-content/uploads/2020/10/WhatsApp-Image-2022-10-06-at-12.22.16-PM.jpeg",,,,,,,,,0,18,,,on,0,whole,off,off,,,12,12,1,1,inherit,,on,0,0,0,,classic-editor,,,yes,yes,,product,no,,,,,off,,,unset,,,,,,,,,,,,,,
12145,woosb,,"Vegan Halloween Box (Box of 12)",0,0,hidden,,"<h4>Our vegan sourdough donuts are made from scratch every day using quality ingredients from our secret recipe.</h4>\n<strong>The Classic Box of 12 contains each of the following: </strong>\n<ul>\n 	<li>Lemon &amp; Poppy</li>\n 	<li>Vegan Biscoff</li>\n 	<li>Raspberry Jam</li>\n 	<li>Peanut Butter Chocolate</li>\n 	<li>Dub</li>\n 	<li>Ferrero Rocher</li>\n 	<li>Cookies &amp; Cream</li>\n 	<li>Coffee &amp; Walnut</li>\n 	<li>Vanilla Pistachio</li>\n</ul>\nPlease note, there are 12 donuts in each box. Quantity 1 = 1 Box of 12.",,,taxable,,1,,,1,0,,,,,0,,,32,"Corporate Orders > Non-Branded Donuts, Personal Orders",,,"https://www.therollingdonut.ie/wp-content/uploads/2020/10/IMG_9389-scaled.jpg, https://www.therollingdonut.ie/wp-content/uploads/2020/10/IMG_9394-scaled.jpg",,,,,,,,,0,18,,"9689/1,2570/2,2574/1,2582/1,5027/1,2566/3,2586/1,2561/1,2578/1",on,0,whole,off,off,,,12,12,1,1,inherit,,off,0,0,0,,classic-editor,,,,,,,,,,,,,,,,,,,,,,,,,,,,,
13458,woosb,,"Coffee Break Combo",1,0,visible,,"<h4>Mix &amp; Match our handcrafted sourdough donuts!</h4>\nAll chocolate for out chocolate lovers?\n\nA mix of the classics?\n\nAll Vegan?\n<div><strong>The Coffee Break Combo box contains one each of the following:</strong></div>\n<ul>\n 	<li>6 Handcrafted Sourdough Donuts</li>\n 	<li>A full bag of ground coffee beans</li>\n</ul>\n<strong>Each deal comes with a 250g bag of our freshly ground coffee blend. </strong>\n\n<strong>Suitable for Cafetiere / French Press.</strong>",,,taxable,,1,,,0,0,,,,,0,,,25,"Corporate Orders > Non-Branded Donuts, Personal Orders","Coffee gift, Coffee lover gift, donuts for delivery, fresh donuts dublin, order donuts, Sourdough donuts, the rolling donut",,"https://www.therollingdonut.ie/wp-content/uploads/2020/11/Coffee-Break-1-e1659975336397.jpeg, https://www.therollingdonut.ie/wp-content/uploads/2020/11/Vegan-Coffee-Break.jpeg, https://www.therollingdonut.ie/wp-content/uploads/2020/11/IMG_9669-scaled-e1604593289497.jpg, https://www.therollingdonut.ie/wp-content/uploads/2020/11/Coffee-Break-closed.jpeg",,,,,,,,,0,18,,"2525/1,2513/1,9685/1,2553/1,2533/1,13938/1,31408/0,13933/0,27098/0,2497/0,2493/0,2509/0,2501/0,21942/0,29983/0,2904/0,11854/0,2869/0,2841/0,2517/0,2625/0,9689/0,2578/0,2586/0,5027/0,2574/0,2582/0,2570/0,2566/0,2557/0,2561/0,29988/0,4651/0",on,0,whole,on,off,,,6,6,1,1,inherit,,off,0,0,0,,classic-editor,"Love to enjoy a good cup of coffee with your donuts? Coffee Break is a perfect combination for coffee lovers. Choose your favourite donuts NOW!",1,yes,yes,,product,no,,,,,,,,,,,,,,,,,"Coffee Break Combo | The Rolling Donut",,1,,,
13468,woosb,,"Special Occasion Coffee Break Combo",1,0,visible,,"<h4>A gift for any occasion! Celebrating a birthday, congratulating someone, or just a simple thank you.</h4>\nPerfect for family, friends &amp; staff working from home!\n\nMix &amp; Match our flavours.\n<div><strong>The Coffee Break Combo box contains each of the following:</strong></div>\n<ul>\n 	<li>6 Handcrafted Sourdough Donuts</li>\n 	<li>6 Special Occassion Logos</li>\n 	<li>A full bag of ground coffee beans</li>\n</ul>\n<strong>Each deal comes with a 250g bag of our freshly ground coffee blend. </strong>\n\n<strong>Suitable for Cafetiere / French Press.</strong>",,,taxable,,1,,,0,0,,,,,0,,,27,"Special Occasions","birthday donuts, Coffee lover gift, donuts for delivery, personalised donuts, Sourdough donuts, Thank you gift",,"https://www.therollingdonut.ie/wp-content/uploads/2020/11/IMG_9622-scaled-e1604596074202.jpg, https://www.therollingdonut.ie/wp-content/uploads/2020/11/IMG_9630-scaled-e1604596476481.jpg, https://www.therollingdonut.ie/wp-content/uploads/2020/11/IMG_9643-scaled-e1604596164641.jpg, https://www.therollingdonut.ie/wp-content/uploads/2020/11/7.png, https://www.therollingdonut.ie/wp-content/uploads/2020/11/1.png, https://www.therollingdonut.ie/wp-content/uploads/2020/11/2.png, https://www.therollingdonut.ie/wp-content/uploads/2020/11/3.png, https://www.therollingdonut.ie/wp-content/uploads/2020/11/4.png, https://www.therollingdonut.ie/wp-content/uploads/2020/11/5-1.png, https://www.therollingdonut.ie/wp-content/uploads/2020/11/6.png, https://www.therollingdonut.ie/wp-content/uploads/2020/11/8-1.png, https://www.therollingdonut.ie/wp-content/uploads/2020/11/9.png, https://www.therollingdonut.ie/wp-content/uploads/2020/11/10.png",,,,,,,,,0,33,,"2513/1,2525/1,9685/1,2533/1,2501/1,31408/1,2553/0,2509/0,2497/0,21942/0,29983/0,11854/0,2841/0,2625/0,2904/0,2517/0,9689/0,2557/0,2586/0,5027/0,2570/0,2574/0,2566/0,2578/0,2561/0,29988/0",on,0,whole,on,off,,,6,6,1,,inherit,,off,0,0,0,,classic-editor,"Perfect gift for family, friends and loved ones! 6 Large Sourdough Donuts with Special Occasion logos and a full bag of freshly ground coffee beans. Delivery & Collection in Co. Dublin",1,yes,yes,,product,no,,,,,,,,,,,,,,,,,"Special Occasion Coffee Break Combo",,,,,
13692,woosb,,"DIY Christmas Friends",'-1,0,hidden,,"<h4>Our DIY Christmas Friends Box is the perfect treat for any occasion...</h4>\n<div><strong>Each Box Includes:</strong></div>\n<ul>\n 	<li>4 x Midi Donuts</li>\n 	<li>2 x Tree Donuts</li>\n 	<li>Instructions</li>\n 	<li>Coloured Icing x2 (Green &amp; White)</li>\n 	<li>Nutella Pack x1</li>\n 	<li>Selection of toppings</li>\n</ul>\nShare your creations with us! @therollingdonut_  #therolloingdonut",,,taxable,,1,,,0,0,,,,,0,,,24,"Corporate Orders, Corporate Orders > Non-Branded Donuts, Personal Orders","DIY Box",,"https://www.therollingdonut.ie/wp-content/uploads/2020/11/IMG_9789-scaled-e1605279120548.jpg, https://www.therollingdonut.ie/wp-content/uploads/2020/11/IMG_9758-scaled.jpg, https://www.therollingdonut.ie/wp-content/uploads/2020/11/IMG_9779-scaled-e1605278950167.jpg",,,,,,,,,0,18,,,on,0,whole,off,off,,,4,4,1,1,inherit,,off,0,0,0,,classic-editor,,,,,,,,,,,,,,,,,,,,,,,,,2020-11-13,,,,
13929,woosb,,"Christmas Box (Box of 12)",0,0,hidden,,"<h4>Selection of handcrafted Gourmet Sourdough Donuts.</h4>\n<div><strong>The Christmas Box of 12 contains one each of the following:</strong></div>\n<ul>\n 	<li>The Milkybar Kid</li>\n 	<li>2x Christmas Trees</li>\n 	<li>Chocolate Hazelnut Crunch</li>\n 	<li>Kinder Deluxe</li>\n 	<li>Lotus Biscoff</li>\n 	<li>Red Velvet</li>\n 	<li>Cookies &amp; Cream</li>\n 	<li>Traditional Raspberry Jam</li>\n 	<li>Terry's Chocolate Orange</li>\n 	<li>Coffee Lover</li>\n 	<li>Snickers</li>\n</ul>\nPlease note, there are 12 donuts in each box. Quantity 1 = 1 Box of 12.",,,taxable,,1,,,1,0,,,,,0,,,33,"Corporate Orders > Non-Branded Donuts, Personal Orders",,,"https://www.therollingdonut.ie/wp-content/uploads/2020/11/Also-chosenJPG-scaled.jpg, https://www.therollingdonut.ie/wp-content/uploads/2020/11/Chosen-scaled.jpg",,,,,,,,,0,18,,"2501/1,2525/1,2513/1,9685/1,2533/1,2553/1,13938/1,2497/1,11850/1,27028/1,27250/2",on,0,whole,off,off,,,12,12,1,1,inherit,,on,0,0,0,,classic-editor,,,,,,,,,,,,,,,,,,,,,,,,,2020-11-23,,,,
14119,woosb,,"Christmas Vegan Donuts (Box of 12)",0,0,hidden,,"<h4>Our vegan sourdough donuts are made from scratch every day using quality ingredients from our secret recipe.</h4>\n<strong>The Christmas Vegan Box of 12 contains each of the following: </strong>\n<ul>\n 	<li>Vegan Biscoff</li>\n 	<li>Lemon &amp; Poppy</li>\n 	<li>Vanilla Ring</li>\n 	<li>Raspberry Jam</li>\n 	<li>Peanut Butter Chocolate</li>\n 	<li>Dub</li>\n 	<li>Ferrero Rocher</li>\n 	<li>Cookies &amp; Cream</li>\n 	<li>Coffee &amp; Walnut</li>\n 	<li>Vanilla Pistachio</li>\n</ul>\nPlease note, there are 12 donuts in each box. Quantity 1 = 1 Box of 12.",,,taxable,,1,,,0,0,,,,,0,,,33,"Corporate Orders > Non-Branded Donuts, Personal Orders",,,"https://www.therollingdonut.ie/wp-content/uploads/2020/11/0e934610-9e8e-4956-ba9d-4137d5e8cb90.jpg, https://www.therollingdonut.ie/wp-content/uploads/2020/11/c2a81573-ea7f-4c16-a73c-56793c132390.jpg",,,,,,,,,0,18,,"9689/2,2570/1,2574/2,2582/1,5027/1,2566/1,2586/1,2557/1,2578/1,2561/1",on,0,whole,on,off,,,12,12,1,1,inherit,,off,0,0,0,,classic-editor,,,,,,,,,,,,,,,,,,,,,,,,,,,,,
15375,woosb,,"DIY Easter Egg Hunt",0,0,hidden,,"<h4>Our DIY Easter Egg Hunt Box is the perfect treat for Easter...</h4>\n<div><strong>Each Box Includes:</strong></div>\n<ul>\n 	<li>x 6 midi size Donuts</li>\n 	<li>Instructions</li>\n 	<li>Nutella Packet</li>\n 	<li>Yellow icing packet</li>\n        <li>Pink icing packet</li>\n 	<li>Selection of toppings</li>\n</ul>\nShare your creations with us! @therollingdonut_  #therollingdonut",,,taxable,,1,,,0,0,,,,,0,,,22,"Corporate Orders, Corporate Orders > Non-Branded Donuts, Personal Orders","DIY Box",,"https://www.therollingdonut.ie/wp-content/uploads/2021/01/IMG_1085-scaled-e1614956637932.jpg, https://www.therollingdonut.ie/wp-content/uploads/2021/01/EBFFFAAA-E31E-4904-8B31-399C2CD2265D_1_105_c.jpeg, https://www.therollingdonut.ie/wp-content/uploads/2021/01/D866F877-03B0-44BB-A417-2F0FC2E4C7AA_1_105_c.jpeg",,,,,,,,,0,18,,,on,0,whole,off,off,,,4,4,1,1,inherit,,off,0,0,0,,,,,,,,,,,,,,,,,,,,,,,,,,,,,,,
15770,woosb,,"Love is in the Air (Box of 12)",0,0,hidden,,"<h4>Selection of handcrafted Gourmet Sourdough Donuts.</h4>\n<div><strong>The 'Love is in the Air' Valentines Box of 12 contains each of the following:</strong></div>\n<ul>\n 	<li>White chocolate Kinder</li>\n 	<li>Pistachio Crème</li>\n 	<li>S'mores</li>\n 	<li>Strawberry Cheesecake</li>\n 	<li>Blueberry Cheesecake</li>\n 	<li>Caramel Biscuit</li>\n 	<li>Chocolate Brownie</li>\n 	<li>Red Velvet</li>\n 	<li>2 Ruby Chocolate hearts</li>\n 	<li>2 Milk Chocolate hearts</li>\n</ul>\nPlease note, there are 12 donuts in each box. Quantity 1 = 1 Box of 12.",,,taxable,,1,,,1,0,,,,,0,,,33.6,"Corporate Orders > Non-Branded Donuts, Special Occasions","Donuts Dublin, Gift for her, Handmade Gift Dublin, Heart donuts dublin, Sourdough donuts, Valentines Day Gift, Valentines Day treats",,"https://www.therollingdonut.ie/wp-content/uploads/2022/01/IMG_4764-scaled.jpg, https://www.therollingdonut.ie/wp-content/uploads/2022/01/IMG_4759-scaled.jpg, https://www.therollingdonut.ie/wp-content/uploads/2022/01/IMG_4774-scaled.jpg, https://www.therollingdonut.ie/wp-content/uploads/2022/01/IMG_4792-scaled.jpg, https://www.therollingdonut.ie/wp-content/uploads/2022/01/IMG_4793-scaled.jpg",,,,,,,,,0,20,,,on,0,whole,off,off,,,12,12,1,1,inherit,,on,0,0,0,,classic-editor,"A perfect selection of handcrafted sourdough donuts made fresh every day. Each box contains 4 heart&#x2d;shaped donuts for an ideal Valentine's Day treat!",,yes,yes,,product,no,,,,,off,,,unset,,,,,,,,,"Valentines Day Donuts (Box of 12)",,,,,
15772,woosb,,"Be My Valentine",0,0,hidden,,"<div><strong>The Valentines Combo box contains each of the following:</strong></div>\n<ul>\n 	<li>6 Handcrafted Sourdough Donuts</li>\n 	<li>4 NEW Exclusive Handmade Truffles</li>\n</ul>",,,taxable,,1,,,1,0,,,,,0,,,28,"Corporate Orders > Non-Branded Donuts, Personal Orders","Dublin Donuts, Gift for her, Handmade Gift Dublin, Heart Donuts, Valentines Day Gift, Valentines Day treats",,"https://www.therollingdonut.ie/wp-content/uploads/2021/01/Velentines-Day-box-2022-scaled-e1642505770933.jpg, https://www.therollingdonut.ie/wp-content/uploads/2021/01/Valentines-Day-close-up-2022-scaled.jpg, https://www.therollingdonut.ie/wp-content/uploads/2021/01/V-Day-Box-shot-2022-scaled.jpg",,,,,,,,,0,18,,"2525/1,2513/1,9685/1,2533/1,13933/1,27098/1",on,0,whole,off,off,,,6,6,1,1,inherit,,off,0,0,0,,classic-editor,"The sweetest way to share your love! A selection of our handcrafted sourdough donuts complete with indulgent handmade truffles.",,,,,,,,,,,,,,,,,,,,,,,"BE MY VALENTINE | Donuts & Handmade Truffles",,,,,
15775,woosb,,"Vegan Valentines Donuts (Box of 12)",0,0,hidden,,"<h4>Our vegan sourdough donuts are made from scratch every day using quality ingredients from our secret recipe.</h4>\n<strong>The Vegan Valentines Box of 12 contains each of the following: </strong>\n<ul>\n 	<li>Vegan Biscoff</li>\n 	<li>Lemon &amp; Poppy</li>\n 	<li>Vanilla Ring</li>\n 	<li>Raspberry Jam</li>\n 	<li>Peanut Butter Chocolate</li>\n 	<li>Dub</li>\n 	<li>Ferrero Rocher</li>\n 	<li>Cookies &amp; Cream</li>\n 	<li>Coffee &amp; Walnut</li>\n 	<li>Vanilla Pistachio</li>\n</ul>\nPlease note, there are 12 donuts in each box. Quantity 1 = 1 Box of 12.",,,taxable,,1,,,1,0,,,,,0,,,32,"Corporate Orders > Non-Branded Donuts, Personal Orders",,,https://www.therollingdonut.ie/wp-content/uploads/2021/01/cd7b56c6-8092-4454-8cf0-61f2631c3dc5.jpg,,,,,,,,,0,18,,"9689/2,2570/1,2574/2,2582/1,5027/1,2566/1,2586/1,2557/1,2578/1,2561/1",on,0,whole,off,off,,,12,12,1,1,inherit,,off,0,0,0,,classic-editor,,,,,,,,,,,,,,,,,,,,,,,,,,,,,
16198,woosb,,"VEGAN Sweetheart Box",0,0,hidden,,"<div><strong>The Vegan Valentines Combo box contains one each of the following:</strong></div>\n<ul>\n 	<li>6 Vegan Handcrafted Sourdough Donuts</li>\n 	<li>2 Dark Chocolate Covered Strawberries</li>\n 	<li>2 Vegan Biscuit Lovehearts</li>\n</ul>\n&nbsp;",,,taxable,,1,,,1,0,,,,,0,,,28,"Corporate Orders > Non-Branded Donuts, Personal Orders, Individual Products > Vegan","Dublin vegan donuts, Sourdough donuts dublin, Valentines Day Gift, Valentines present for vegan, Vegan chocolate strawberries, Vegan treats, Vegan Valentines gift",,"https://www.therollingdonut.ie/wp-content/uploads/2021/01/Valendines-Vegan-Donut-Box-2022-scaled-e1642512661653.jpg, https://www.therollingdonut.ie/wp-content/uploads/2021/01/Valentines-Vegan-Close-up-2022-scaled.jpg, https://www.therollingdonut.ie/wp-content/uploads/2021/01/Valentines-Vegan-Box-shot-2022-scaled.jpg",,,,,,,,,0,18,,"9689/1,2586/1,2582/1,2570/1,2574/1,2561/1",on,0,whole,off,off,,,6,6,1,1,inherit,,off,0,0,0,,classic-editor,"A selection of our handcrafted VEGAN sourdough donuts, chocolate covered strawberries and loveheart biscuits. A perfect way to show your love this valentines day!",,,,,,,,,,,,,,,,,,,,,,,"VEGAN Sweetheart Box",,,,,
18790,woosb,,"Love At First Bite (box of 6)",0,0,hidden,,"<div></div>\n<div><strong>This Valentine's Day combo box contains one each of the following:</strong></div>\n<ul>\n 	<li>6 Handcrafted Sourdough Donuts</li>\n 	<li>4 Truffle Cake Pop</li>\n</ul>\n&nbsp;\n\n&nbsp;",,,taxable,,1,,,1,0,,,,,0,,,25,"Corporate Orders > Non-Branded Donuts, Personal Orders",,,"https://www.therollingdonut.ie/wp-content/uploads/2021/02/IMG_4817-scaled.jpg, https://www.therollingdonut.ie/wp-content/uploads/2021/02/IMG_4817-scaled.jpg, https://www.therollingdonut.ie/wp-content/uploads/2021/02/IMG_4825-scaled.jpg, https://www.therollingdonut.ie/wp-content/uploads/2021/02/IMG_4814-scaled.jpg",,,,,,,,,0,18,,,on,0,whole,off,off,,,6,6,1,1,inherit,,off,0,0,0,,classic-editor,"A perfect selection of handcrafted sourdough donuts made fresh every day. Each box contains 2 heart&#x2d;shaped donuts for an ideal Valentine's Day treat!",,yes,yes,,product,no,,,,,off,,,unset,,,,,,,,,,,,,,
18794,woosb,,"VEGAN Little Box of Hugs",0,0,hidden,,"<div><strong>The vegan combo box contains one each of the following:</strong></div>\n<ul>\n 	<li>6 Vegan Handcrafted Sourdough Donuts</li>\n 	<li>2 NEW Chocolate Strawberries</li>\n 	<li>2 NEW Biscuit Loverhearts</li>\n</ul>\n&nbsp;\n\n&nbsp;",,,taxable,,1,,,1,0,,,,,0,,,28,"Corporate Orders > Non-Branded Donuts, Personal Orders",,,"https://www.therollingdonut.ie/wp-content/uploads/2021/02/IMG_0935-scaled.jpg, https://www.therollingdonut.ie/wp-content/uploads/2021/02/IMG_0952-scaled.jpg",,,,,,,,,0,18,,"2586/1,9689/1,2561/1,2570/1,2574/1,2578/1",on,0,whole,off,off,,,6,6,1,1,inherit,,off,0,0,0,,classic-editor,,,,,,,,,,,,,,,,,,,,,,,,,,,,,
20623,woosb,,"Easter (Box of 12)",1,0,visible,,"<h4>Selection of handcrafted Gourmet Sourdough Donuts.</h4>\n<div><strong>This box of 12 contains one each of the following:</strong></div>\n<ul>\n 	<li>Chick filled with Jam x 2</li>\n 	<li>Lotus Biscoff</li>\n 	<li>Easter Egg Nest x 2</li>\n 	<li>Pistachio Creme</li>\n 	<li>S'mores</li>\n 	<li>Kinder</li>\n 	<li>Blueberry Cheesecake</li>\n 	<li>Lemon Meringue</li>\n 	<li>Strawberry Cheesecake</li>\n 	<li>Red Velvet</li>\n</ul>\nPlease note, there are 12 donuts in each box. Quantity 1 = 1 Box of 12.",,,taxable,,1,,,1,0,,,,,0,,,33.6,"Corporate Orders > Non-Branded Donuts, Personal Orders","Chocolate treats, Dublin Donuts, Easter donuts, easter treats, Gifts for kids",,"https://www.therollingdonut.ie/wp-content/uploads/2022/04/IMG_5181-scaled-e1708702459247.jpg, https://www.therollingdonut.ie/wp-content/uploads/2022/04/IMG_5199-scaled.jpg, https://www.therollingdonut.ie/wp-content/uploads/2022/04/IMG_5207-scaled.jpg, https://www.therollingdonut.ie/wp-content/uploads/2023/03/IMG_9740.jpg, https://www.therollingdonut.ie/wp-content/uploads/2022/04/IMG_5181-scaled-e1708702459247.jpg, https://www.therollingdonut.ie/wp-content/uploads/2022/04/IMG_5189-scaled.jpg",,,,,,,,,0,18,,,on,0,whole,off,off,,,12,12,1,1,inherit,,off,0,0,0,,classic-editor,"Perfect treat this Easter! Box of 12 of our bestsellers complete with Limited Edition Easter themed donuts",,yes,yes,,product,no,,,,,off,,,unset,,,,,,,,,,,,yes,,
20679,woosb,,"Easter Bunny Box",0,0,hidden,,"<div><strong>This Easter Bunny combo box contains one each of the following:</strong></div>\n<ul>\n 	<li>6 Handcrafted Sourdough Donuts</li>\n 	<li>3 NEW Handmade Biscuits </li>\n</ul>\n<strong></strong>\n\n<strong></strong>",,,taxable,,1,,,1,0,,,,,0,,,25,"Corporate Orders > Non-Branded Donuts, Personal Orders",,,https://www.therollingdonut.ie/wp-content/uploads/2021/03/IMG_1245-scaled.jpg,,,,,,,,,0,18,,"2513/1,2525/2,9685/1,2625/2",on,0,whole,off,off,,,6,6,1,1,inherit,,off,0,0,0,,,,,,,,,,,,,,,,,,,,,,,,,,,,,,,
22562,woosb,,"Glistening in Gold",1,0,visible,,"Very Berry's 'Glistening in Gold' Luxe box has gold and white themed embellishments with shimmering strawberries, pearl chocolates, edible flowers and more on Irish strawberries.\n\nPerfect for:\n\n- Birthdays\n- Parties &amp; Events\n- Anniversaries\n- Thank You Gifts",,,taxable,,1,,,0,0,,,,,0,,,38,"Corporate Orders, Corporate Orders > Non-Branded Donuts, Personal Orders","anniversary preset, biscoff sauce, Chocolate covered strawberries, Chocolate strawberries dublin, gift idea dublin, nice gift for her, white chocolate strawberries",,"https://www.therollingdonut.ie/wp-content/uploads/2021/05/IMG_1396-scaled.jpg, https://www.therollingdonut.ie/wp-content/uploads/2021/05/IMG_1394-scaled.jpg",,,,,,,,,0,18,,,on,0,whole,off,off,,,4,4,1,1,inherit,,off,0,0,0,,classic-editor,,1,,,,,,,,,,,,,,,,,,,,,,,,,,,
22567,woosb,,"Garden of Vegan (V)",1,0,visible,,"Very Berry's 'Garden of Vegan' range is a selection of dark chocolate dipped strawberries decorated with raspberries, Oreo, double dipped Biscoff, shimmering gold, and more.\n\nPerfect for:\n\n- Birthdays\n- Parties &amp; Events\n- Thank You Gifts",,,taxable,,1,,,0,0,,,,,0,,,38,"Corporate Orders, Corporate Orders > Non-Branded Donuts, Personal Orders","Biscoff strawberries, Chocolate strawberries, Dublin chocolate strawberries, Gift for vegan, Vegan chocolate strawberries, Vegan treats dublin",,"https://www.therollingdonut.ie/wp-content/uploads/2021/05/IMG_1705-scaled.jpg, https://www.therollingdonut.ie/wp-content/uploads/2021/05/IMG_1712-scaled.jpg",,,,,,,,,0,18,,,on,0,whole,off,off,,,4,4,1,1,inherit,,off,0,0,0,,classic-editor,,1,,,,,,,,,,,,,,,,,,,,,,,,,,,
23575,woosb,,"First Holy Communion Box",0,0,hidden,,"<h4>Selection of handcrafted Gourmet Sourdough Donuts.</h4>\n<div><strong>The Classic Box of 12 contains one each of the following:</strong></div>\n<ul>\n 	<li>Ferrero Rocher</li>\n 	<li>Lotus Biscoff</li>\n 	<li>Red Velvet</li>\n 	<li>Kinder Deluxe</li>\n 	<li>Raffaello</li>\n 	<li>Cookies &amp; Cream</li>\n 	<li>Snickers</li>\n 	<li>Coffee Lover</li>\n 	<li>Pistacchio Salted Caramel</li>\n 	<li>The Dub</li>\n 	<li>White Kinder</li>\n 	<li>Traditional Raspberry Jam</li>\n</ul>\nPlease note, there are 12 donuts in each box. Quantity 1 = 1 Box of 12.",,,taxable,,1,,,0,0,,,,,0,,,35.60,"Corporate Orders > Non-Branded Donuts, Personal Orders","Birthday gift dublin, Communion gift, Donuts Dublin, Happy birthday box, Personalised gift, Sourdough donuts, special occasion gift",,"https://www.therollingdonut.ie/wp-content/uploads/2021/06/IMG_2587-scaled-e1622545719709.jpg, https://www.therollingdonut.ie/wp-content/uploads/2021/06/IMG_2551-scaled.jpg, https://www.therollingdonut.ie/wp-content/uploads/2021/06/Communion.png",,,,,,,,,0,18,,"2525/1,2513/1,9685/1,27028/1,27098/1,2497/1,5361/0,2553/1,2533/1,13933/1,2493/1,13938/0,21942/0,2509/1,2501/1,2841/0,2517/0,9689/0,2625/0,2578/0,2904/0,2586/0,5027/0,2574/0,2570/0,2566/0,2557/0,2561/0",on,0,whole,on,off,,,12,12,1,1,inherit,,off,0,0,0,,classic-editor,,1,,,,,,,,,,,,,,,,,,,,,,,,,,,
23680,woosb,,"Dad Bod 1",0,0,visible,,"<h4>The perfect gift for your Dad, Grandad, Husband, Brother or that special someone!\nCelebrating Father's day in the sweetest way :)</h4>\n\nMix &amp; Match our flavours.\n<div><strong>The Coffee Break Combo box contains one each of the following:</strong></div>\n<ul>\n 	<li>6 Themed Handcrafted Sourdough Donuts</li>\n 	<li>A full bag of ground coffee beans</li>\n</ul>\n<strong>Each deal comes with a 250g bag of our freshly ground coffee blend. </strong>\n\n<strong>Suitable for Cafetiere / French Press.</strong>",,,taxable,,1,,,1,0,,,,,0,,,24,"Special Occasions",,,"https://www.therollingdonut.ie/wp-content/uploads/2021/06/IMG_2759-scaled-e1622822350261.jpg, https://www.therollingdonut.ie/wp-content/uploads/2021/06/IMG_2775-scaled.jpg",,,,,,,,,0,33,,"2513/1,2525/1,2509/1,2501/1,13938/1,2625/1",on,0,whole,off,off,,,6,6,1,,inherit,,off,0,0,0,,,,,,,,,,,,,,,,,,,,,,,,,,,,,,,
23812,woosb,,"Dad Bod",0,0,visible,,"<h4>The perfect gift for your Dad, Grandad, Husband, Brother or that special someone!\nCelebrating Father's day in the sweetest way :)</h4>\n\nMix &amp; Match our flavours.\n<div><strong>The Coffee Break Combo box contains one each of the following:</strong></div>\n<ul>\n 	<li>6 Themed Handcrafted Sourdough Donuts</li>\n 	<li>A full bag of ground coffee beans</li>\n</ul>\n<strong>Each deal comes with a 250g bag of our freshly ground coffee blend. </strong>\n\n<strong>Suitable for Cafetiere / French Press.</strong>",,,taxable,,1,,,1,0,,,,,0,,,24,"Corporate Orders > Non-Branded Donuts, Personal Orders",,,"https://www.therollingdonut.ie/wp-content/uploads/2021/06/IMG_2759-scaled-e1622822350261.jpg, https://www.therollingdonut.ie/wp-content/uploads/2021/06/IMG_2775-scaled.jpg",,,,,,,,,0,18,,"2525/1,2513/1,13938/1,2509/1,2501/1,2625/1",on,0,whole,off,off,,,12,12,1,1,inherit,,off,0,0,0,,classic-editor,,,,,,,,,,,,,,,,,,,,,,,,,,,,,
27241,woosb,,"Christmas Coffee Break Combo",0,0,hidden,,"<h4>Our classic handcrafted sourdough donuts!</h4>\n<div><strong>The Coffee Break Combo box contains one each of the following:</strong></div>\n<ul>\n 	<li>6 Handcrafted Sourdough Donuts</li>\n 	<li>A full bag of ground coffee beans</li>\n</ul>\n<strong>Each deal comes with a 250g bag of our freshly ground coffee blend. </strong>\n\n<strong>Suitable for Cafetiere / French Press.</strong>",,,taxable,,1,,,1,0,,,,,0,,,22,"Corporate Orders > Non-Branded Donuts, Personal Orders",,,https://www.therollingdonut.ie/wp-content/uploads/2021/12/Coffee-scaled-e1638361275967.jpg,,,,,,,,,0,18,,"2513/1,9685/1,2533/1,2501/1,27250/2",on,0,whole,off,off,,,6,6,1,1,inherit,,off,0,0,0,,classic-editor,,,,,,,,,,,,,,,,,,,,,,,,,,,,,
29048,woosb,,"Mother's Day Box",1,0,visible,,"<div><strong>The Mother's Day Combo box contains each of the following:</strong></div>\n<ul>\n 	<li>4 Handcrafted Sourdough Donuts</li>\n 	<li>4 Exclusive Handmade cake Truffles</li>\n 	<li>2 Handmade Loveheart donuts</li>\n</ul>\nAllergens: Nuts, Dairy, Gluten, Soy, Eggs",,,taxable,,1,,,1,0,,,,,0,,,25,"Corporate Orders > Non-Branded Donuts, Personal Orders","Dublin Donuts, Gift for her, Gift for mom, Handmade Gift Dublin, Heart Donuts, Irish gifts moms love, Mother's day gift, Mothers day 2022",,"https://www.therollingdonut.ie/wp-content/uploads/2022/03/IMG_5232-scaled-e1708705441584.jpg, https://www.therollingdonut.ie/wp-content/uploads/2022/03/IMG_5234-scaled.jpg, https://www.therollingdonut.ie/wp-content/uploads/2022/03/IMG_5229-scaled.jpg, https://www.therollingdonut.ie/wp-content/uploads/2022/03/IMG_5226-scaled.jpg, https://www.therollingdonut.ie/wp-content/uploads/2024/02/40.png",,,,,,,,,0,18,,,on,0,whole,off,off,,,6,6,1,1,inherit,,off,0,0,0,,classic-editor,"The sweetest way to share love! A selection of our handcrafted sourdough donuts complete with indulgent handmade truffles and Ruby chocolate loveheart donuts.",,yes,yes,,product,no,,,,,off,,,unset,,,,,,,,,"Mother's day box | Mother's Day Gift",,,,1,
29536,woosb,,"Dad box",0,0,hidden,,"The 'Dad Box' is Very Berry's new Father's Day themed gift box! The perfect gift for your Dad, Grandad, Husband, Brother or that special someone!\nCelebrating Father's day in the sweetest way :)\n<p data-sanitized-data-mce-fragment=""1"">Allergens: Nuts, Dairy, Gluten, Soy</p>\n&nbsp;",,,taxable,,0,,,0,0,,,,,0,,,38,"Corporate Orders, Individual Products, Corporate Orders > Non-Branded Donuts, Personal Orders","cheap gift idea, Chocolate covered strawberries, Chocolate strawberries dublin, Dad box, Fathers day gift, Valentines Day Gift",,"https://www.therollingdonut.ie/wp-content/uploads/2022/04/WhatsApp-Image-2022-06-07-at-12.01.33-PM-e1654611713238.jpeg, https://www.therollingdonut.ie/wp-content/uploads/2022/04/WhatsApp-Image-2022-06-03-at-3.48.54-PM.jpeg",,,,,,,,,0,18,,,on,0,whole,off,off,,,4,4,1,1,inherit,,off,0,0,0,,classic-editor,"Celebrating Father's day in the sweetest way with Father's Day themed chocolate covered strawberries",,,,,,,,,,,,,,,,,,,,,,,"Dad box | Chocolate strawberries",,,,,
30316,woosb,,"Father's Day Coffee break combo",0,0,hidden,,"<h4>Selection of Handcrafted Gourmet Sourdough Donuts with a twist. Perfect Fathers Day treat!</h4>\n<div><strong>This Fathers Day set contains 6 sourdough donuts</strong></div>\n<div>\n\n<strong>Each deal comes with a 250g bag of our freshly ground coffee blend. </strong>\n\n<strong>Suitable for Cafetiere / French Press.</strong>\n\n</div>\nPlease note, there are 6 donuts in each box. Quantity 1 = 1 Box of 6 + a bag of coffee beans.",,,taxable,,1,,,1,0,,,,,0,,,25,"Corporate Orders > Non-Branded Donuts, Personal Orders","Chocolate treats, Dublin Donuts, Fathers day gift, gift for dad, gift idea dublin, personalised donuts, Sourdough donuts",,"https://www.therollingdonut.ie/wp-content/uploads/2022/06/WhatsApp-Image-2022-06-07-at-12.30.47-PM-e1654601558138.jpeg, https://www.therollingdonut.ie/wp-content/uploads/2022/06/WhatsApp-Image-2022-06-03-at-3.47.16-PM-1.jpeg",,,,,,,,,0,18,,"13938/1,2497/1,2509/1,2513/1,2525/1,2501/1",on,0,whole,off,off,,,6,6,1,1,inherit,,on,0,0,0,,classic-editor,"Treat your father this Fathers Day! Box of 6 of our bestsellers complete with a full bag of ground coffee beans",,,,,,,,,,,,,,,,,,,,,,,,,,,,1
31413,woosb,,"Branded T-Shirt",1,0,hidden,,,,,taxable,,1,,,1,0,,,,,0,,,20,"Individual Products",,,https://www.therollingdonut.ie/wp-content/uploads/2022/09/WhatsApp-Image-2022-09-07-at-5.33.12-PM-1.jpeg,,,,,,,,,0,28,,"2501/1,2513/1,13933/1,9685/1,2533/1,2553/1,2497/1,13938/1,29158/2,29153/2",on,0,whole,off,off,,,12,12,1,1,inherit,,on,0,0,0,,classic-editor,"Perfect treat this Easter! Box of 12 of our bestsellers complete with Limited Edition Easter themed donuts",,,,,,,,,,,,,,,,,,,,,,,,,,,,
32104,woosb,,"Toy Show Special DIY",0,0,visible,,"<h4>Our DIY Toy Show Box is the perfect treat for the most exciting night of the year!</h4>\nKick off Christmas with....\n<div><strong>Each Box Includes:</strong></div>\n<ul>\n 	<li>6 x Midi Donuts</li>\n 	<li>Instructions</li>\n 	<li>Coloured Icing x2 (Green &amp; White)</li>\n 	<li>Nutella Pack x1</li>\n 	<li>Selection of toppings</li>\n</ul>\nShare your creations with us! @therollingdonut_  #therolloingdonut",,,taxable,,1,,,0,0,,,,,0,,,24,"Corporate Orders, Corporate Orders > Non-Branded Donuts, Personal Orders, Special Occasions","Christmas, DIY Box, The Late Late Toy Show, Toy Show 2022",,"https://www.therollingdonut.ie/wp-content/uploads/2022/11/IMG_8454-scaled.jpg, https://www.therollingdonut.ie/wp-content/uploads/2022/11/IMG_8438-scaled.jpg, https://www.therollingdonut.ie/wp-content/uploads/2022/11/IMG_8434-scaled.jpg, https://www.therollingdonut.ie/wp-content/uploads/2022/11/IMG_8450-scaled.jpg, https://www.therollingdonut.ie/wp-content/uploads/2022/11/DIY-Donuts-sheet-.jpg, https://www.therollingdonut.ie/wp-content/uploads/2022/11/THISONE.jpeg, https://www.therollingdonut.ie/wp-content/uploads/2022/11/THISONE1.jpeg",,,,,,,,,0,18,,,on,0,whole,off,off,,,4,4,1,1,inherit,,off,0,0,0,,classic-editor,,,,,,,,,,,,,,,,,,,,,,,,,2020-11-13,,,,
33049,woosb,,"Valentines special box of 12 (Copy)",0,0,hidden,"Valentines special box of 12 containing a mix of our popular classics and 3 limited edition strawberry &amp; prosecco heart donuts.\n\nAll donuts are Valentines themed... give a box of love.\n\n<em>Each box contains:</em>\n\nx3 Strawberries &amp; prosecco hearts\n\nx1 Cookies &amp; Cream\n\nx1 Lotus Biscoff\n\nx1 Ferrero Rocher\n\nx1 Blueberry Cheesecake\n\nx1 Kinder Deluxe\n\nx1 White Kinder Bueno\n\nx1 S'mores\n\nx1 Coffee Lover\n\n*This is a set Valentines box no substitutes",16,,,taxable,,1,,,1,0,,,,,0,,,35.00,"Special Occasions",,,"https://www.therollingdonut.ie/wp-content/uploads/2023/02/vdaychoosen.jpeg, https://www.therollingdonut.ie/wp-content/uploads/2023/02/vdaychoosen2.jpeg",,,,,,,,,0,33,,"33004/3,2497/1,2553/1,31408/1,2533/1,13933/1,2513/1,29983/1,2525/1,9685/1",on,0,whole,off,off,,,12,12,1,,inherit,,off,0,0,0,,classic-editor,"Valentines special box of 12 containing a mix of our popular classics and 3 limited edition strawberry & prosecco heart donuts.",,yes,yes,,product,no,,,,,,,,,,,,,,,,,,,,,,
33474,woosb,,"St Patrick’s Day (Box of 12)",0,0,visible,,"<div><strong>The St Patrick’s Day Box of 12 contains one each of the following:</strong></div>\n<ul>\n 	<li>Blueberry Cheesecake</li>\n 	<li>Apple Crumble</li>\n 	<li><span class=""OYPEnA text-decoration-none text-strikethrough-none"">Pistachio Crème</span></li>\n 	<li>White Kinder</li>\n 	<li>Irish Coffee</li>\n 	<li>Double Chocolate Brownie</li>\n 	<li>Ferrero Rocher</li>\n 	<li>S'mores</li>\n 	<li>Kinder Delux</li>\n 	<li>Vanilla Ring</li>\n 	<li>Cookies &amp; Cream</li>\n 	<li>The Dub (chocolate custard)</li>\n</ul>\nPlease note, there are 12 donuts in each box. Quantity 1 = 1 Box of 12.",,,taxable,,1,,,1,0,,,,,0,,,33.6,"Corporate Orders > Non-Branded Donuts, Personal Orders",,,"https://www.therollingdonut.ie/wp-content/uploads/2023/03/IMG_5149.jpg, https://www.therollingdonut.ie/wp-content/uploads/2023/03/IMG_5136.jpg, https://www.therollingdonut.ie/wp-content/uploads/2023/03/IMG_5157.jpg, https://www.therollingdonut.ie/wp-content/uploads/2023/03/IMG_5137.jpg, https://www.therollingdonut.ie/wp-content/uploads/2023/03/IMG_5167.jpg",,,,,,,,,0,18,,,on,0,whole,off,off,,,,,1,,inherit,,off,0,0,0,,classic-editor,,,yes,yes,,product,no,,,,,off,,,unset,,,,,,,,,,,,,,
34010,woosb,,"Pride Box Large (Box of 12)",0,0,hidden,,"<div><strong>The Pride Box Large (Box of 12) contains one each of the following:</strong></div>\n<ul>\n 	<li>Strawberry Cheesecake</li>\n 	<li>Kinder Bueno</li>\n 	<li>The Caramelised Biscuit</li>\n 	<li>Coffee Lover</li>\n 	<li>Red Velvet</li>\n 	<li>The Dub</li>\n 	<li>Blueberry Cheesecake</li>\n 	<li>The S'mores</li>\n 	<li>Double Chocolate Brownie</li>\n 	<li>Ferrero Roche</li>\n 	<li>White Kinder Bueno</li>\n 	<li>The Milkybar Kid</li>\n</ul>\nPlease note, there are 12 donuts in each box. Quantity 1 = 1 Box of 12.",,,taxable,,1,,,1,0,,,,,0,,,33.6,"Corporate Orders > Non-Branded Donuts, Personal Orders",,,"https://www.therollingdonut.ie/wp-content/uploads/2023/05/IMG_0698.jpg, https://www.therollingdonut.ie/wp-content/uploads/2023/05/IMG_0713.jpg, https://www.therollingdonut.ie/wp-content/uploads/2023/05/IMG_0686.jpg, https://www.therollingdonut.ie/wp-content/uploads/2023/05/IMG_0698.jpg",,,,,id:34014,,,,0,18,,"33699/1,2513/1,9685/1,2497/1,2533/1,2509/1,31408/1,4652/1,13933/1,13938/1,2525/1,29983/1",on,0,whole,off,off,,,,,1,,inherit,,off,0,0,0,,classic-editor,,,yes,yes,,product,no,,,,,,,,,,,,,,,,,,,,,,
34014,woosb,,"Pride Box Midi (Box of 20)",0,0,hidden,,"<div><strong>The Pride Box Midi (Box of 20) contains one each of the following:</strong></div>\n<ul>\n 	<li>2x Strawberry Cheesecake midi</li>\n 	<li>2x Blueberry Cheesecake midi</li>\n 	<li>2x Kinder Bueno midi</li>\n 	<li>2x Milkybar kid midi</li>\n 	<li>2x FerreroRoche midi</li>\n 	<li>2x Caramelised Biscuit midi</li>\n 	<li>2x Cookies &amp; Cream midi</li>\n 	<li>2x Red Velvet midi</li>\n 	<li>2x The Dub midi</li>\n 	<li>2x Old Fashioned Raspberry Jam midi</li>\n</ul>\nPlease note, there are 20 donuts in each box. Quantity 1 = 1 Box of 20.",,,taxable,,1,,,1,0,,,,,0,,,50,"Corporate Orders > Non-Branded Donuts, Personal Orders",,,"https://www.therollingdonut.ie/wp-content/uploads/2023/05/IMG_0658.jpg, https://www.therollingdonut.ie/wp-content/uploads/2023/05/IMG_0629.jpg, https://www.therollingdonut.ie/wp-content/uploads/2023/05/IMG_0678.jpg, https://www.therollingdonut.ie/wp-content/uploads/2023/05/IMG_0658.jpg",,,,,id:34010,,,,0,18,,"33700/2,29984/2,2514/2,13939/2,9686/2,2554/2,2534/2,2502/2,2526/2,2510/2",on,0,whole,off,off,,,,,1,,inherit,,off,0,0,0,,classic-editor,,,yes,yes,,product,no,,,,,,,,,,,,,,,,,,,,,,
34390,woosb,,"4th of July Box (Box of 12)",0,0,hidden,,"<div><strong>4th of July Box contains one each of the following:</strong></div>\n<ul>\n 	<li style=""list-style-type: none;""></li>\n 	<li>4 x Vanilla glazed 4th of July-themed donuts</li>\n 	<li>Kinder Bueno</li>\n 	<li>The Caramelised Biscuit</li>\n 	<li>Coffee Lover</li>\n 	<li>Red Velvet</li>\n 	<li>Blueberry Cheesecake</li>\n 	<li>The S'mores</li>\n 	<li>Ferrero Roche</li>\n 	<li>Traditional Raspberry Jam</li>\n</ul>\nPlease note, there are 12 donuts in each box. Quantity 1 = 1 Box of 12.",,,taxable,,1,,,1,0,,,,,0,,,33.60,"Corporate Orders > Non-Branded Donuts, Personal Orders",,,"https://www.therollingdonut.ie/wp-content/uploads/2023/06/IMG_1670-scaled.jpg, https://www.therollingdonut.ie/wp-content/uploads/2023/06/IMG_1687-scaled.jpg, https://www.therollingdonut.ie/wp-content/uploads/2023/06/IMG_1658-scaled.jpg, https://www.therollingdonut.ie/wp-content/uploads/2023/06/IMG_1670-scaled.jpg, https://www.therollingdonut.ie/wp-content/uploads/2023/06/IMG_1683-scaled.jpg, https://www.therollingdonut.ie/wp-content/uploads/2023/06/IMG_1700-scaled.jpg",,,,,id:34010,,,,0,18,,"2625/4,2513/1,9685/1,2497/1,2533/1,29983/1,31408/1,2525/1,2501/1",on,0,whole,off,off,,,,,1,,inherit,,off,0,0,0,,classic-editor,,,yes,yes,,product,no,,,,,,,,,,,,,,,,,,,,,,
35007,woosb,,"Customised Order (Test)",0,0,hidden,,,,,taxable,,1,,,0,0,,,,,0,,,0.01,Uncategorized,,,https://www.therollingdonut.ie/wp-content/uploads/2019/06/display_products-01.png,,,,,,,,,0,15,,,on,0,whole,on,off,,,,,,1,inherit,,off,0,0,0,,classic-editor,,,yes,yes,,product,no,,,,,off,1,999,unset,,field_5cd941d9efca3,1,1,1,1,1,unset,,,,,,
35270,woosb,,"Birthday Donut box",0,0,hidden,,"<div><strong>4th of July Box contains one each of the following:</strong></div>\n<ul>\n 	<li style=""list-style-type: none;""></li>\n 	<li>4 x Vanilla glazed 4th of July-themed donuts</li>\n 	<li>Kinder Bueno</li>\n 	<li>The Caramelised Biscuit</li>\n 	<li>Coffee Lover</li>\n 	<li>Red Velvet</li>\n 	<li>Blueberry Cheesecake</li>\n 	<li>The S'mores</li>\n 	<li>Ferrero Roche</li>\n 	<li>Traditional Raspberry Jam</li>\n</ul>\nPlease note, there are 12 donuts in each box. Quantity 1 = 1 Box of 12.",,,taxable,,1,,,1,0,,,,,0,,,33.60,"Corporate Orders > Non-Branded Donuts, Personal Orders",,,"https://www.therollingdonut.ie/wp-content/uploads/2023/06/IMG_1670-scaled.jpg, https://www.therollingdonut.ie/wp-content/uploads/2023/06/IMG_1687-scaled.jpg, https://www.therollingdonut.ie/wp-content/uploads/2023/06/IMG_1658-scaled.jpg, https://www.therollingdonut.ie/wp-content/uploads/2023/06/IMG_1670-scaled.jpg, https://www.therollingdonut.ie/wp-content/uploads/2023/06/IMG_1683-scaled.jpg, https://www.therollingdonut.ie/wp-content/uploads/2023/06/IMG_1700-scaled.jpg",,,,,id:34010,,,,0,18,,,on,0,whole,off,off,,,,,1,,inherit,,off,0,0,0,,classic-editor,,,yes,yes,,product,no,,,,,off,,,unset,,,,,,,,,,,,,,
35272,woosb,,"Birthday Donut box (box of 12)",1,0,visible,,"<strong><b>Birthday Donut box</b> (box of 12) contains each of the following:</strong>\n<ul>\n 	<li>6x Strawberry &amp; Ice-Cream Birthday cake donut</li>\n 	<li>Strawberry Cheesecake</li>\n 	<li>White Kinder Bueno</li>\n 	<li>The Caramelised Biscuit</li>\n 	<li>Red Velvet</li>\n 	<li>The S'mores</li>\n 	<li>Apple Crumble</li>\n</ul>\nAllergens: Wheat, Eggs, Milk, Soybeans\nPlease note, there are 12 donuts in each box. Quantity 1 = 1 Box of 12.",,,taxable,,1,,,1,0,,,,,0,,,33.60,"Corporate Orders > Non-Branded Donuts, Personal Orders",,,"https://www.therollingdonut.ie/wp-content/uploads/2023/09/IMG_2768-e1695914933493.jpg, https://www.therollingdonut.ie/wp-content/uploads/2023/09/IMG_2778.jpg, https://www.therollingdonut.ie/wp-content/uploads/2023/09/IMG_2769.jpg, https://www.therollingdonut.ie/wp-content/uploads/2023/09/IMG_2768-e1695914933493.jpg, https://www.therollingdonut.ie/wp-content/uploads/2023/09/IMG_2756.jpg",,,,,,,,,0,18,,,on,,whole,off,off,,,,,1,,inherit,,off,0,0,0,,classic-editor,,,yes,yes,,product,no,,,,,off,,,unset,,,,,,,,,,,,,,
35756,woosb,,"Christmas Donut Box (Box of 20 midi)",1,0,visible,,"<div><strong>The Christmas Box of 20 contains a mix of our bestselling sourdough donuts!</strong></div>\n<h4>Selection of handcrafted Gourmet Sourdough Donuts.</h4>\n<ul>\n 	<li class=""li1"">3 Snowman</li>\n 	<li class=""li1"">3 Reindeer</li>\n 	<li class=""li1"">2 Christmas wrench</li>\n 	<li class=""li1"">2 S'mores</li>\n 	<li class=""li1"">2 Red Velvet</li>\n 	<li class=""li1"">Apple Crumble</li>\n 	<li>Traditional Raspberry Jam</li>\n 	<li class=""li1"">Blueberry Cheesecake</li>\n 	<li class=""li1"">Strawberry Cheesecake</li>\n 	<li class=""li1"">White Kinder</li>\n 	<li class=""li1"">Kinder Deluxe</li>\n 	<li class=""li1"">Double Chocolate Brownie</li>\n 	<li class=""li1"">Caramelised Biscuit</li>\n</ul>\nPlease note, there are 20 midi donuts in each box. Quantity 1 = 1 Box of 20.",,,taxable,,1,,,1,0,,,,,0,,,50,"Corporate Orders > Non-Branded Donuts, Personal Orders","corporate halloween, Dublin Donuts, halloween dessert, Halloween donuts, halloween party food, halloween themed donuts",,"https://www.therollingdonut.ie/wp-content/uploads/2023/11/IMG_3887-e1700652147444.jpg, https://www.therollingdonut.ie/wp-content/uploads/2023/11/IMG_3887-e1700652147444.jpg, https://www.therollingdonut.ie/wp-content/uploads/2023/11/IMG_3893.jpg, https://www.therollingdonut.ie/wp-content/uploads/2023/11/IMG_3898.jpg",,,,,,,,,0,18,,,on,0,whole,off,off,,,20,20,1,1,inherit,,off,0,0,0,,classic-editor,,,yes,yes,,product,no,Size,Midi,1,1,off,,,unset,,,,,,,,,,,,,,
35761,woosb,,"Christmas Donut Box (Box of 12)",1,0,visible,,"<div><strong>The Christmas Box of 12 contains a mix of our bestselling sourdough donuts!</strong></div>\n<h4>Selection of handcrafted Gourmet Sourdough Donuts.</h4>\n<ul>\n 	<li>Christmas Wreath Ring</li>\n 	<li>Nutella Reindeer</li>\n 	<li>Snowman</li>\n 	<li>Strawberry Cheesecake</li>\n 	<li>Mint Chocolate</li>\n 	<li>S’mores</li>\n 	<li>Chocolate Praline</li>\n 	<li>Red Velvet</li>\n 	<li>Caramelised Biscuit</li>\n 	<li>Double Chocolate Brownie</li>\n 	<li>Blueberry Cheesecake</li>\n 	<li>White Kinder</li>\n</ul>\nPlease note, there are 12 regular donuts in each box. Quantity 1 = 1 Box of 12.",,,taxable,,1,,,1,0,,,,,0,,,33.6,"Corporate Orders > Non-Branded Donuts, Personal Orders","corporate donuts, Donuts Dublin, Halloween donuts, halloween themed treats, Sourdough donuts, spooky donut",,"https://www.therollingdonut.ie/wp-content/uploads/2023/11/IMG_3834-e1700653939191.jpg, https://www.therollingdonut.ie/wp-content/uploads/2023/11/IMG_3849.jpg, https://www.therollingdonut.ie/wp-content/uploads/2023/11/IMG_3834-e1700653939191.jpg",,,,,,,,,0,18,,,on,0,whole,off,off,,,12,12,1,1,inherit,,on,0,0,0,,classic-editor,,,yes,yes,,product,no,,,,,off,,,unset,,,,,,,,,,,,,,
36699,woosb,,"St Patrick's day (Box of 20 midi)",0,0,visible,,"<strong>The Classic Box of 20 contains a mix of all our bestselling sourdough donuts!</strong>\n\n&nbsp;\n\nPlease note, there are 20 donuts in each box. Quantity 1 = 1 Box of 20.\n\nThe box is set so we are unable to change flavours",,,taxable,,1,,,1,0,,,,,0,,,50,"Corporate Orders > Non-Branded Donuts, Personal Orders","corporate halloween, Dublin Donuts, halloween dessert, Halloween donuts, halloween party food, halloween themed donuts",,"https://www.therollingdonut.ie/wp-content/uploads/2024/02/IMG_5127-e1708681954452.jpg, https://www.therollingdonut.ie/wp-content/uploads/2024/02/IMG_5129.jpg, https://www.therollingdonut.ie/wp-content/uploads/2024/02/IMG_5127-e1708681954452.jpg, https://www.therollingdonut.ie/wp-content/uploads/2024/02/IMG_5107.jpg, https://www.therollingdonut.ie/wp-content/uploads/2024/02/IMG_5125.jpg",,,,,,,,,0,18,,,on,0,whole,off,off,,,20,20,1,1,inherit,,off,0,0,0,,classic-editor,,,yes,yes,,product,no,Size,Midi,1,1,off,,,unset,,,,,,,,,,,,,,
36738,woosb,,"International Women's Day (Box of 20 midi)",0,0,visible,,"<strong>The International Women's day box of 20 contains a mix of all our bestselling sourdough donuts! Decorated with logos and purple icing.</strong>\n\nPlease note, there are 20 donuts in each box. Quantity 1 = 1 Box of 20.\n\nThe box is set so we are unable to change flavours",,,taxable,,1,,,1,0,,,,,0,,,50,"Corporate Orders > Non-Branded Donuts, Personal Orders","corporate halloween, Dublin Donuts, halloween dessert, Halloween donuts, halloween party food, halloween themed donuts",,"https://www.therollingdonut.ie/wp-content/uploads/2024/02/IMG_5323-scaled-e1708945081731.jpg, https://www.therollingdonut.ie/wp-content/uploads/2024/02/IMG_5305-scaled.jpg, https://www.therollingdonut.ie/wp-content/uploads/2024/02/IMG_5300-scaled.jpg, https://www.therollingdonut.ie/wp-content/uploads/2024/02/IMG_5324-scaled.jpg, https://www.therollingdonut.ie/wp-content/uploads/2024/02/IMG_5323-scaled-e1708945081731.jpg",,,,,,,,,0,18,,,on,0,whole,off,off,,,20,20,1,1,inherit,,off,0,0,0,,classic-editor,,,yes,yes,,product,no,Size,Midi,1,1,off,,,unset,,,,,,,,,,,,,,
36746,woosb,,"International Women's Day (Box of 12)",0,0,visible,,"<div><strong>The International Women's day box of 12 contains a mix of all our bestselling sourdough donuts! Decorated with logos and purple icing.</strong></div>\n<h4>Selection of handcrafted Gourmet Sourdough Donuts.</h4>\n<ul>\n 	<li>Pistachio Creme</li>\n 	<li>Ferrero</li>\n 	<li>Kinder Deluxe</li>\n 	<li>Strawberry Cheesecake</li>\n 	<li>Coffee Lover</li>\n 	<li>Old Fashion Raspberry Jam</li>\n 	<li>Chocolate Praline</li>\n 	<li>Red Velvet</li>\n 	<li>Caramelised Biscuit</li>\n 	<li>Double Chocolate Brownie</li>\n 	<li>Blueberry Cheesecake</li>\n 	<li>White Kinder</li>\n</ul>\nPlease note, there are 12 regular donuts in each box. Quantity 1 = 1 Box of 12.",,,taxable,,1,,,1,0,,,,,0,,,33.6,"Corporate Orders > Non-Branded Donuts, Personal Orders","corporate donuts, Donuts Dublin, Halloween donuts, halloween themed treats, Sourdough donuts, spooky donut",,"https://www.therollingdonut.ie/wp-content/uploads/2024/02/IMG_5281-scaled-e1708945949521.jpg, https://www.therollingdonut.ie/wp-content/uploads/2024/02/IMG_5293-scaled.jpg, https://www.therollingdonut.ie/wp-content/uploads/2024/02/IMG_5297-scaled.jpg, https://www.therollingdonut.ie/wp-content/uploads/2024/02/IMG_5275-scaled.jpg",,,,,,,,,0,18,,,on,0,whole,off,off,,,12,12,1,1,inherit,,on,0,0,0,,classic-editor,"The International Women's day box of 12 contains a mix of all our bestselling sourdough donuts! Decorated with logos and purple icing.",,yes,yes,,product,no,,,,,off,,,unset,,,,,,,,,,,,,,
36785,woosb,,"Easter (Box of 20 midi)",1,0,visible,,"<strong>The Easter box of 20 contains a mix of all our bestselling sourdough donuts and 2 limited edition Easter themed donuts.</strong>\n\nPlease note, there are 20 donuts in each box. Quantity 1 = 1 Box of 20.\n\nThe box is set so we are unable to change flavours",,,taxable,,1,,,1,0,,,,,0,,,50,"Corporate Orders > Non-Branded Donuts, Personal Orders","corporate halloween, Dublin Donuts, halloween dessert, Halloween donuts, halloween party food, halloween themed donuts",,"https://www.therollingdonut.ie/wp-content/uploads/2024/02/IMG_5356-e1709136532405.jpg, https://www.therollingdonut.ie/wp-content/uploads/2024/02/IMG_5364.jpg, https://www.therollingdonut.ie/wp-content/uploads/2024/02/IMG_5351.jpg, https://www.therollingdonut.ie/wp-content/uploads/2024/02/IMG_5350.jpg, https://www.therollingdonut.ie/wp-content/uploads/2024/02/IMG_5356-e1709136532405.jpg",,,,,,,,,0,18,,,on,0,whole,off,off,,,20,20,1,1,inherit,,off,0,0,0,,classic-editor,"The Easter box of 20 contains a mix of all our bestselling sourdough donuts and 2 limited edition Easter themed donuts.",,yes,yes,,product,no,Size,Midi,1,1,off,,,unset,,,,,,,,,,,,,,
